timestamp,text
2019-05-27 11:49:06+00,Another Test tweet caught stream bitcoin
2019-05-27 11:49:22+00,Current Crypto Prices BTC 8721 99 USD ETH 266 62 USD LTC 114 03 USD BCH 432 02 USD XLM 0 133 USD DOGE 0 00314 USD NEO 12 04 USD XRP 0 4092 USD CANN 0 001482 USD EMC2 0 1198 USD XMR 94 65 USD BTG 24 31 USD
2019-05-27 11:49:23+00,Spiv Nosar Baz BITCOIN Is An Asset amp NOT A Currency
2019-05-27 11:49:25+00,We building real bitcoin SV What building broken BTC
2019-05-27 11:49:32+00,CHANGE IS COMING GET READY Boom Another CB Jab Nothing Can Stop This Globalism stage CB push make world govt coming The People Are Taking Lead amp Leaders Will Have Follow Majority WWG1WGQ
2019-05-27 11:49:19+00,One useful article Stefan guide run node Alibaba Cloud ltonetwork lto Eth xrpcommmunity crypto xlm xrp blockchain xrpcommmunity eos xmr trx ltc enjin ethereum bitcoin
2019-05-21 16:49:45+00,BTC IS STILL GOING STRONG Thus giving away 0 04 BTC 10 BNB 2 lucky winner GIVEAWAY double 250 RT To enter Follow u Subscribe RT airdrop bitcoin ico cryptocurrency xrp ETH TRX Binance ethereum btc crypto bounty
2019-05-22 12:42:16+00,BestMixer seized Dutch Police Luxembourg Police French Police w association Europol BestMixer Bitcoin Mixer Tumbler Cryptocurrency Bitcoin BestMixer
2019-05-10 14:06:01+00,share
2019-05-27 11:49:17+00,Countdown ComingSoon The QLC airdrop Q Gas token every QLC holder Don waste opportunity buy hold btc dent poa mco sky hot link btt trx gnt sys
2019-05-27 11:27:22+00,You roughly 6 day left get LaunhPadFoundation 50 50 raffle ticket Current around 16 5 Litecoin Head grab ticket today LTC BTC Crypto LitecoinFam airdrop DGB DigiByte
2019-05-27 08:32:08+00,BTC IS GOING CRAZYYY Thus giving away 0 04 BTC 10 BNB 2 lucky winner soon GIVEAWAY double 250 RT To enter Follow u Subscribe RT airdrop bitcoin ico cryptocurrency xrp ETH TRX Binance ethereum btc crypto bounty
2009-01-11 03:33:52+00,Running bitcoin
2019-05-02 17:36:29+00,cryptocurrency drife blockchain crypto eos eth ethereum btc cab taxi ride ride
2019-05-27 11:49:39+00,Crypto price rose across board weekend Bitcoin nears 9 000 level Trade Bitcoin Crypto Currencies AvaTrade today Trade Crypto Bitcoin XRP ETH XLM DASH Litecoin Blockchain 71 retail investor account lose money
2019-05-27 11:49:38+00,Bitcoin SV BSV Price Spikes 33 Gains 1 Billion From 55 Copyright Application CCN
2019-05-27 11:49:46+00,As Intel INTC Valuation Rose Btc Capital Management Has Increased 418 968 Its Position Schlumberger LTD SLB Share Price Declined While Mcdaniel Terry amp Co Cut 1 42 Million Its Holding
2019-05-27 11:49:47+00,This true Crypto currency new asset class people beginning understand I see fellow trader Moon
2019-05-27 11:49:48+00,If Bitcoin mean BSV I fully agree However talking BTC wrong Five year nobody even remember BTC
2019-05-27 11:51:01+00,Pls save cuttoff 60 65
2019-05-27 01:37:37+00,bitcoin may pump 100k I bet as 1DOGE 1BTC season
2019-05-27 11:49:40+00,How many sat person 3 million lost 18 mil 10 0 0018 BTC person 180k sat person Math answer question though would hodlers last resort account And thing like timelocked future lost coin etc
2019-05-27 07:00:46+00,Setelah Microsoft melacak biji kopinya Blockchain Starbucks perbincangan Bekerja Bakkt Starbucks Amerika Serikat menerima BTC alat pembayaran Sumber
2019-05-27 11:54:16+00,The Virgin Shitcoin pattern v Chad Bitcoin Pattern
2019-05-25 10:14:41+00,ohh incase anyone interested free BTC 9100 06 15 follow like retweet chance win amount increased 0 1btc 0 12 thanks phew
2019-05-27 11:49:54+00,Elections2019 Varanasi MondayMotivation JayeshbhaiJordaar Ahmadiyya bitcoin mondaythoughts Prabhas ModiInVaranasi Saaho Bharat MondayMorning Devi2In4Days ManojPahwa BharatWithFamily
2019-05-27 11:49:54+00,LTCprice surge ahead BTC quote user show interest LTCnetwork LTC Litecoin LTChalving top10coins
2019-05-26 21:33:37+00,BTC 8 700 10 500 semana
2019-05-27 11:45:48+00,It beginning
2019-05-27 11:49:59+00,Done Sell SRN BTC priced 0 018713 Bittrex
2019-05-27 11:50:00+00,I hope project interested large investment fund This platform deserves attention Experienced specialist working project KOI KOITOKEN Crypto Blockchain ethereum bitcoin ether cryptocurrency tokensale
2019-05-27 11:50:02+00,Spiv Nosar Baz BITCOIN Is An Asset amp NOT A Currency
2019-05-27 11:50:02+00,dash btc 0 0188 dash usd 161 87 btc usd 8720 85
2019-05-27 11:50:02+00,Top 5 cryptocurrencies Alert Time 2019 05 27 14 50 02 Bitcoin 8 706 712 Ethereum 266 511 XRP 0 409 BitcoinCash 432 692 Litecoin 113 525 btc xrp enigma JPY smartmoney
2019-05-27 11:50:03+00,A new content found Satoshi treasure Check thehuntison SatoshisTreasure bitcoin
2019-05-27 11:50:03+00,Great back bitcoin bandwagon 20 000 Soon When XRP 5 Soon xrp
2019-05-27 11:50:04+00,Bitcoin zet opmars voort klimt richting 9 000 dollar
2019-05-27 11:40:26+00,BTX BTX 1 11 28 29 create watchlist COIN360 BTX send mec MEC BSD BSD BTC
2019-05-27 11:50:04+00,Find best Cryptocurrency Bitcoin Affiliate Programs Forex Directory CryptocurrencyAffiliatePrograms CryptocurrencyAffiliateMarketing BitcoinAffiliatePrograms BitcoinAffiliateMarketing ForexDirectory
2019-05-23 14:14:21+00,Cresio Airdrop Alert MALTA AI amp BLOCKCHAIN SUMMIT 2019 btc bitcoin cresio cres trade trading signal airdrop bounty token ethereum xrp ripple multiexchange exchange cryptocurrency ico blockchain investor profit crypto
2019-05-27 11:50:05+00,VRPARK ICO TOKEN
2019-05-26 20:57:45+00,Bitcoin hit 12mth high sudden parabolic swing
2019-05-24 04:22:02+00,Will Jimmy Song lose 500K bet Joe Lubin 25 dApps 5k MAU already 4 year early The bet 5 dapps 10k user May 23 2023 If yes Jimmy pay Joe 810 8 ETH If Joe pay Jimmy 69 74 BTC v
2019-05-27 11:50:04+00,All user good
2019-05-27 11:50:09+00,channel called DGB made 6x share high reward low risk signal join BTC ETH ETC BCH LTC XRP DASH BTG XLM XMR ZEC ADA SNT NEO NXT OMG POWR VTC LUX XEM LSK DGB DOGE XVG GRS AMP ZCL DRGN DCR 76987
2019-05-27 11:50:12+00,My original point though response Dudas With BTC 8000 chance get rich I think important would BTC millionaire understand speculative asset gain lose value
2019-05-27 11:50:13+00,Bitcoin yukselcek kriptoya bulassam
2019-05-27 11:50:16+00,Does anyone URL website show much time needed confirm transaction bunch altcoins equivalent proof work Bitcoin confirmation I remember life
2019-05-27 11:50:18+00,Le Bitcoin ferme jamais
2019-05-27 08:59:29+00,BTCUSD 4H canal Telegram bitcoin btc criptoactivos criptomonedas criptotrading criptoinversion
2019-05-27 06:20:23+00,Well said This trying show tell guy Here given silver platter Good luck peep crypto bitcoin
2019-05-27 06:15:49+00,Bitcoin Posted CryptoParody Reddit
2019-05-10 09:59:45+00,dow Bitcoin imv
2019-05-10 10:03:54+00,Bitcoin FUDsters RN
2019-05-10 10:04:39+00,Banking Bitcoin Netflix
2019-05-26 19:58:37+00,No really This gaslighting bullshit The entire thread travesty Always question never settle know lot u try debate criticize learn improve without jerk
2019-05-27 01:57:40+00,Someone check Bitcoin seems coming back vengeance ever since blocked Bitcoin Twitter
2019-05-27 00:02:39+00,Keep eye prize bear got BTC
2019-05-27 11:50:24+00,15 Great Ways Absolute Beginners Learn About Bitcoin BTC News Aggregated By Crypto cryptocurrency Cryptonews
2019-05-27 11:50:28+00,Probably still Bitcoin Bought 300k dropped 2 3rds price leaving 100k Husband probably holding onto year going recover put back without ever telling
2019-05-27 11:50:29+00,Current Crypto Prices BTC 8718 83 USD ETH 266 54 USD LTC 114 02 USD BCH 432 01 USD XLM 0 1328 USD DOGE 0 003139 USD NEO 12 04 USD XRP 0 4091 USD CANN 0 001482 USD EMC2 0 1201 USD XMR 94 62 USD BTG 24 31 USD
2018-09-11 05:46:06+00,I didnt tether 7300 iamspartacus btc eth tusd ocn
2019-05-27 11:50:33+00,The latest The CryptoCoins Daily crypto bitcoin
2019-05-27 11:50:36+00,Just curious package BTC gift presentable way Giving ledger send BTC afterwards sound user friendly
2019-05-27 11:50:37+00,looking weekly candle gt
2019-05-27 11:50:39+00,wonder
2019-05-27 11:50:40+00,Omslagpunt nabij
2019-05-27 11:50:40+00,Bitcoin Climbs Highest Year Amid Cryptocurrency Comeback
2019-05-27 11:50:41+00,The latest BLOCKCHAIN amp DISTRIBUTED LEDGER Thanks Forum blockchain bitcoin
2019-05-10 18:40:43+00,kumbara
2019-05-10 14:18:33+00,Lfg
2019-05-10 14:41:06+00,great
2019-05-10 19:11:45+00,qkc btc
2019-05-10 22:14:34+00,nice
2019-05-11 00:12:46+00,1000 left
2019-05-27 04:26:49+00,Bitcoin price hit 150 billion market cap first time 2019 price pump 11 btc bitcoinprice pricesurge
2019-05-10 10:30:05+00,Nice projcet
2019-05-27 03:41:23+00,Get ready swell public medium interest Bitcoin price hit 10 000 Its psychological round number human conditioned peak interest btc crypto
2019-05-27 03:16:11+00,BIG Blockchain Intelligence Group announces acquisition Netcoins Operations entry Bitcoin Institutional OTC Trading Cryptocurrency Custody Services
2019-05-27 03:29:34+00,Thanks ruining 9k target guy
2019-05-27 11:50:46+00,Daily profit HODLING BTC since 2013 Data taken since 29 10 2018 10 45am UTC Updated every hour bitcoin btc cryptocurrency blockchain cryptotrade profit digitalmine
2019-05-27 11:50:49+00,nice project good Kwaza NST
2019-05-27 11:50:53+00,1 BTC 8704 59 9 36 2 ETH 266 60 7 3 3 XRP 0 41 7 21 4 BCH 433 53 9 03 5 LTC 113 55 12 85 6 EOS 6 95 10 36 7 BNB 34 35 1 75 8 USDT 1 01 0 47 9 XLM 0 13 6 2 10 ADA 0 09 7 95 blockchain crypto altcoin
2019-05-27 11:50:55+00,BTC X Robinhood Uses BitLicense Brings Zero Fee Crypto Trading New York
2019-05-27 11:50:55+00,578 020 Txs 1 Size 288 byte Stripped 288 byte Time 1558957844 Reward 12 5 BTC Fees 0 BTC Miner BTCcom Mempool 7 159 tx
2019-05-27 11:50:55+00,578 019 Txs 2 687 Size 1 16 MB Stripped 0 88 MB Time 1558957836 Reward 12 5 BTC Fees 1 15324107 BTC Miner AntPool Mempool 7 159 tx
2019-05-27 11:50:58+00,I liked project much
2019-05-27 11:50:49+00,It wonderful meeting along Shroff We great time discussing industry future trend technology bitcoin tech industry investment future futuretrends blockchain trend
2019-05-27 06:37:50+00,BTC Pullbacks likely short lived BTC found acceptance 8 300 multiple attempt So pullback likely recharge engine rise 9k
2019-05-27 07:01:02+00,USD lost 99 99 value bitcoin 2011 2019
2019-05-27 11:50:47+00,Follow Like Retweet investing investment finance investinyourself cryptocurrency crypto cryptotrading cryptomarket cryptonews forextrader coin bos btc bitcoin Airdrop bitcoin ox bitcoinox bitcoin bounty Ethereum freetoken freecoin follo4folloback
2019-05-20 17:07:49+00,We releasing information game token soon AioCasino AioToken AIO crypto bitcoin blockchain btc Casino Gambling ICO
2019-05-27 11:51:00+00,Praise Satoshi another 10 Bitcoin block found Be thankful EVERY Block Block 578020 Hash 000000000000000000178b495c00fd4def4bca1e0440fb3118d696b92bef3050
2019-05-27 11:51:01+00,kimcil
2019-05-27 11:51:01+00,The best class protocol insurance specially designed cryptocurrency mind More information visit inzura btc eth tokensale
2019-05-27 11:51:02+00,Bitcoin nears 9 000 break highest level year
2019-05-27 11:51:03+00,Mon May 27 13 50 44 2019 0 08 USD 8726 34 Wght 0 44 Blk 578020 Size 0 3 KB TXs 1 Pool 6890 3 6 MB 0 bitcoin
2019-05-27 11:51:06+00,Get best buy shopping spree jexpotz bitcoin
2019-05-27 11:51:09+00,duong dung duy loan tam anh tan tuyen
2019-05-27 11:51:11+00,Bitcoin Price Backs Off 12 Month Highs But Bias Remains Bullish CryptoToday
2019-05-27 03:03:38+00,Bitcoin hit time high Argentine peso via
2019-05-25 20:34:47+00,Bitcoin 8 000 generational opportunity create wealth family
2019-05-26 12:32:46+00,Over quarter Kraken employee get paid bitcoin
2019-05-27 11:51:14+00,Bitcoin designed make central control difficult possible maintain soundness falling inflation supply cap We know many dollar much gold Inflation vary wildly Must trust others That much worse early volatility imo
2019-05-27 11:51:14+00,Blog Right Yes Bitcoin full node need full history operate due UTXO nature You need node XRP ledger That much faster spin sync node XRP Ledger
2019-05-27 11:51:15+00,Bitcoin Holds onto Gains Rises Above 8 600
2019-05-27 10:54:21+00,ETH reaching potential bounce area BTC pair Overall favourite chart btc atm
2019-05-27 11:51:19+00,Success blockchain cryptocurrency bitcoin ethereum ICO P2PS P2PSF startup
2019-05-27 11:51:22+00,bitcoin Holds onto Gains Rises Above 8 600
2019-05-27 11:12:02+00,Indicator giving rare top signal H1 funding sentiment suggests may forming top Not confident 9 6k target anymore Closing Bitcoin longs evaluating
2019-05-27 11:51:23+00,Crypto comeback omslagpunt dichtbij
2019-05-27 11:51:27+00,D I V O R C E
2019-05-27 11:51:28+00,This great explanation rsr
2019-05-27 11:51:29+00,39 Cryptocurrency Hacks 1 93 Billion Loss Over 5 Years MEDICIresearch Bitcoin cryptocurrencies Hacks blockhain
2019-05-27 11:51:34+00,Well even anonymous bitcoin cash machine Europe
2019-05-27 11:51:37+00,Current Crypto Prices BTC 8716 59 USD ETH 266 32 USD LTC 113 84 USD BCH 432 15 USD XLM 0 1328 USD DOGE 0 003051 USD NEO 12 04 USD XRP 0 4089 USD CANN 0 001481 USD EMC2 0 12 USD XMR 94 65 USD BTG 24 31 USD
2019-05-27 11:51:39+00,Estoy pendiente
2019-05-27 11:51:41+00,blockchain cryptocurrency bitcoin ethereum ICO P2PS P2PSF startup
2019-05-27 12:02:52+00,
2019-05-27 11:51:44+00,They still call everything bitcoin shitcoin wish loss altcoin holder call everything bitcoin completely worthless It elitist toxic The fact call others retard tuur meester liking tweet show exactly toxic
2019-05-27 11:51:45+00,2nd round 1000T free BTC hashrate giveaway follow twitter amp invite friend follow BTC hashrate
2019-05-27 11:51:48+00,VC crypto BTC waste literally 0 alt succeed Yes speculate hot new rip 100x long run wasting economic enery essentially big hyped roulette wheel
2019-05-27 10:55:37+00,Topmuntje Bitcoin
2019-05-27 12:03:55+00,I since 2013 Bought boatload btc 150
2019-05-27 12:06:33+00,blockchain cryptocurrency bitcoin ethereum ICO P2PS P2PSF startup
2019-05-10 10:04:52+00,QKC Blockchain BTC ETH blockchaintechnology sharding
2019-05-10 10:12:18+00,QuarkChain QKC BTC
2019-05-11 06:53:18+00,Never late buy The best timing buy BTC ten year ago
2019-05-27 11:51:40+00,It happened Could 10k next bitcoin
2019-05-15 22:26:29+00,Free 100 BTM worth 24 Airdrop community We distributing Airdrop first 5 000 user freely SelfDrop go live Register u login click Get Airdrop link blockchain BTM bitcoin token ethereum Ripple
2019-05-27 12:02:26+00,Look current bitmex BTC ETH funding rate lol
2019-05-27 00:34:18+00,Bitcoin nears 9 000 break highest level year CNBC
2019-05-27 11:51:48+00,Block Number 578 020 Time 5 27 2019 11 50 44 AM UTC Miner Unknown Transactions 1 Block Value 12 5 BTC Size 288 byte Total Supply 17 725 250 84 40595 BTC issued Price 8763 79
2019-05-27 11:51:48+00,Block Number 578 019 Time 5 27 2019 11 50 36 AM UTC Miner AntPool Transactions 2 687 Block Value 7 498 375 BTC Size 1 216 952 byte Total Supply 17 725 237 5 84 40589 BTC issued Price 8763 79
2019-05-27 11:51:55+00,bitcoin xrp vechain blockchain Crypto Cryptocurency xrp Celtic
2019-05-27 11:51:56+00,nice project good Kwaza NST
2019-05-27 11:51:56+00,BTC LTC XRP Top 6 cryptocurrencies manipulated 26May 2019 7pm 9pm see Tradingview chart NOT subtle
2019-05-27 11:51:57+00,Advisor
2019-05-27 11:51:58+00,ETERBASE first regulation compliant European cryptocurrency exchange offering fast secure trading clean powerful user interface Fore information visit bitcoin exchange
2019-05-27 11:52:01+00,btc bitcoin exchange Binance
2019-05-27 11:52:01+00,May 26 27 good day Bitcoin Supreme BSPM 1 33 increase
2019-05-27 11:52:03+00,PriceAnalysis BitcoinGold might witness good day near future CryptoNewsZ Cryptocurrency BTG
2019-05-27 11:52:03+00,Art Trading Trading GOLD bitcoin
2019-05-27 11:52:03+00,Can 10 000 brain AI called Rose predict price Bitcoin
2019-05-27 11:52:03+00,Bitcoin zet opmars voort klimt richting 9 000 dollar
2019-05-27 11:52:02+00,New post Top 3 Price Prediction Bitcoin Ripple Ethereum BTC USD struggle maintain newly conquered
2019-05-27 08:58:46+00,The Top 5 Countries Gripped Bitcoin FOMO Right Now
2019-05-27 11:52:05+00,Bitcoin Surges Highest Price For Over Year Will Reach 10k This Week Coinbase cryptocurrency crypto Blockchain BTC bitcoin BTCUSDT eth
2019-05-27 11:52:03+00,Followback 24h U S woman ready World Cup IFB ETH BTC Crypto
2019-05-27 11:52:05+00,Followback 24h Pagenaud hold Rossi win 103rd Indy 500 IFB ETH BTC Crypto
2019-05-27 11:52:07+00,bitcoin community
2019-05-27 11:52:11+00,cryptocurrencies crypto altcoins cryptotrading BTC blockchain Angel Crypto Investor Roger Ver Lightning Network Supporter Tone Vays A Look Debate
2019-05-27 11:52:15+00,Bitcoin ETH Iota Brave EL FUTURO
2019-05-27 11:52:15+00,af76
2019-05-27 11:52:16+00,PC infected RAT person tried gain access account FRAUD ID banned account seller 0 1 BTC bond support answering user LinusTech King
2019-05-27 11:52:17+00,Check article Chain QKC Blockchain BTC blockchaintechnology sharding
2019-05-27 11:52:07+00,The latest The Patrick Allan Daily Thanks bitcoin cdnpoli
2019-05-25 23:26:58+00,Analysts closely watching relatively tight range 8 200 8 400 next region resistance BTC must close order journey towards coveted 10 000 region continue
2019-05-27 11:29:02+00,please welcome summertime visiting Tassie think warm Melbourne Show hot bitcoin
2019-05-27 01:09:46+00,Bitcoin litecoin dominating Do know Simple really Litecoin halving 3 month Bitcoin halving 12 month HODL BTFDs ltc litecoin bitcoin btc
2019-05-27 11:52:05+00,Here next level buy BTC
2019-05-27 11:52:20+00,
2019-05-27 11:52:20+00,I pay btc hahaha
2019-05-27 11:52:20+00,blockchain cryptocurrency bitcoin ethereum ICO P2PS P2PSF startup
2019-05-27 11:52:24+00,Successful anf hoppefully smoothly project proud able pparticipate project Very good project ooobtc obx crypto bitcoin ethereum blockchain btc toqqn
2019-05-27 11:52:24+00,ETH BTC P2PS
2019-05-27 11:52:25+00,aulian 0xfc9219Afb2D0aFC82924cCf08152c62a2EeC0878
2019-05-27 11:52:28+00,Bitcoin price prediction BTC USD consolidates gain Bitcoin confluence
2019-05-27 11:52:28+00,bitcoin 150 B market cap 8 700 Dr could chance changed view bitcoin
2019-05-27 11:52:28+00,And Bitcoin madness back touch 8900 How many speculator ready burn hand But wait drop back 4k Crypto Investment Speculation Bitcoinmania bubble nointrinsicvalue regulation
2019-05-27 12:05:07+00,
2019-05-26 22:27:19+00,Who need Bitcoin triangle meme When another CME BTC Futures gap meme 520
2019-05-13 16:30:27+00,The last time Bitcoin broke 8 000 Microsoft building Congress fighting Bakkt launching Square selling Fidelity storing TD Ameritrade trading Whole Foods accepting
2019-05-23 16:18:55+00,Them Listen I acclaimed economist Them Listen I billionaire investor Them Listen I central bank Them Listen I judge Them Listen I Satoshi Bitcoin
2019-05-10 10:25:15+00,Nice
2019-05-26 13:30:05+00,Ads Bitcoin Please wait 4 day 2 95 transaction Uber Please enjoy ride rapist go bankrupt Airbnb Please enjoy stay mind camera bathroom
2019-05-26 21:58:57+00,Cryptos Are Exploding Higher Bitcoin At 12 Month Highs
2019-05-27 11:52:36+00,cool project
2019-05-27 11:52:39+00,The Situation Complicates For Cryptopia As Arizona Demands 2 ethereum btc altcoins User Database
2019-05-27 11:52:44+00,Current Crypto Prices BTC 8718 66 USD ETH 266 3 USD LTC 113 9 USD BCH 432 4 USD XLM 0 1329 USD DOGE 0 003052 USD NEO 12 04 USD XRP 0 4092 USD CANN 0 001482 USD EMC2 0 12 USD XMR 94 61 USD BTG 24 31 USD
2019-05-27 07:34:58+00,Coinbase iOS app downloads spiked Memorial Day weekend US BTC ETH crypto
2019-05-27 11:28:01+00,Gold v Fiat v Bitcoin source
2019-05-27 11:02:10+00,TraderCobb Why I think Bitcoin Will Get To 10 000 This Week I observing Bitcoin closely last 2 week far stuck I thought might Get understanding I think chance 10k w crypto
2019-05-26 04:25:51+00,BTC
2019-05-26 21:56:26+00,We giving away 100 000 AWE lucky winner 24 hour To enter 1 Retweet pinned post 2 Follow Ends 22 00 UTC Monday Crypto cryptocurrency bitcoin btc win Competition ethereum free Competition Giveaway
2019-05-26 13:40:09+00,Bitcoin free speech money everyone Fiat free beer money one money printer Choose wisely
2019-05-27 03:50:33+00,BTT listed trade BTT BTC 12 00 May 29 2019 SGT
2019-05-27 11:52:48+00,Blockrewards increased 50 ULG Make nice profit ULG masternode Dont miss opportunity blockchain Business investment bitcoin money freelancer earnings BTS collector freelancewriter BTCUSDT
2019-05-27 11:52:48+00,Buy Gold sell BTC
2019-05-27 11:52:55+00,YZ So youre saying Bitcoin reach certain price Bitcoin back enough dollar circulation sufficient fuel world economy But BTC reserve currency I would think value would denominated BTC USD
2019-05-27 11:52:56+00,LTC Price Spikes 12 Percent Litecoin Usage Rises Along Transactio bitcoin altcoins altcoin
2019-05-27 11:53:00+00,Fair Go Casino 25 Free Spins All Players Monday Bonus 100 25 Reliable Crypto Bitcoin Casino Australia France USA country
2019-05-27 11:53:00+00,Ultimately I think concern authority The fact market low liquidity capital relatively simple flex make bank ALTs largely pointless except making BTC
2019-05-10 20:34:39+00,BTC
2019-05-27 10:41:47+00,Which price range bitcoin trading week
2019-05-10 10:15:12+00,Blockchain BTC ETH blockchaintechnology sharding
2019-05-10 10:16:05+00,Blockchain BTC ETH blockchaintechnology sharding
2019-05-10 10:30:12+00,I love lol
2019-05-10 14:41:39+00,BTC
2019-05-27 06:09:02+00,ETH could following BTC well first week June possible big breakout
2019-05-27 11:53:03+00,Boys look like need dump ALTS buy back BTC look
2019-05-27 11:53:04+00,Free airdrop 50 coin cpol earn 0 1 eth Sing gooo link classic XRP1
2019-05-27 11:53:06+00,Wow Making bitcoin online easy Check Incredible
2019-05-27 08:22:55+00,Next indicator I waiting cross Weekly Bitcoin
2019-05-27 11:53:10+00,bitcoin 9 000 making everything possible COINBASE BTCUSD CryptoComes
2019-05-27 11:53:12+00,Lucky One bitcoin blockchain Someone put empty block And get reward Block height 578020 See
2019-05-27 11:53:18+00,Great weekend Silverstone FIA World Rallycross Championship
2019-05-27 11:53:20+00,Effortless Bitcoin effortless convert fiat goal merchant trade woman billion I counted woman tell u
2019-05-27 11:53:21+00,New Exchange For registration get gift 500 COIN AMPX This currency special platform priced starting open platform 1 giveaway freecoins free Airdrops coin Bounty bitcoin blockchain freetoken
2019-05-15 13:35:01+00,1 2 well I another giveaway amount still sitting I know people point first wanted clear cross 8100 April 19 much resistance I know hence chosen BUT let give see thread
2019-05-27 11:53:40+00,Precio actual Bitcoin BTC U S 8717 23
2019-05-26 09:34:55+00,seul vote utile bitcoin
2019-05-27 09:52:10+00,Something Happening EXU EXUprotocol EXUecosystem BTC ETH Blockchain Crypto Cryptocurrency decentralization
2019-05-27 11:53:23+00,Come jcho grow pair Bitcoin going 100 right If gift short 4 7k entry 2X even better Tell risk nanny prop house fuck keep layering short way 20k Do money must
2019-05-27 11:53:26+00,QuarkChain QKC Blockchain BTC ETH blockchaintechnology sharding
2019-05-27 11:53:29+00,COINCHAT safest digital wallet officially published The first 10 000 new user win candy lucky bag BTC amp ETH Send invitation friend candy bag Click receive
2019-05-27 11:53:34+00,blockchain cryptocurrency bitcoin ethereum ICO P2PS P2PSF startup
2019-05-27 11:53:34+00,WildRig Multi 0 17 1 Beta AMD GPU Miner With Support New X25x Algorithm BTC market blockchain
2019-05-27 11:53:37+00,Why everyone bear badly btc
2019-05-27 11:37:11+00,This banking system really corrupt AF Flagrantly sickeningly despicably ripping people business around world Yet leader pocket audacity call Bitcoin scam Pump Bitcoin Dump bank
2019-05-26 13:30:50+00,New video Overview trade strategy Binance IEOs coin listing What watch plan trading buying IEOs The video discus BTC TFUEL MATIC amp ONE Feel free share like subscribe thanks
2019-05-27 11:53:44+00,BTC BCH The HitBTC cryptocurrency exchange deal backlash froze account fear mass exodus accused John McAfee Read
2019-05-27 11:53:45+00,Market Surveillance May 27 BTC Up By Nearly 10 As 11 10 UTC May 27 gl
2019-05-27 11:53:48+00,BTC TRX Bitcoin BTC king cryptocurrency market witnessed significant hike breached 8500 mark This resulted entire cryptocurr Read
2019-05-27 11:53:49+00,Mwikali PC infected RAT person tried gain access account FRAUD ID banned account seller 0 1 BTC bond support answering user LinusTech King
2019-05-27 11:53:49+00,BTC Craig Wright written long winding statement alleging Bitcoin developer changing original rule Bitcoin blockchain Read
2019-05-27 11:53:52+00,BTC BCH A growing number NFL player paid crypto Read
2019-05-27 11:53:52+00,Current Crypto Prices BTC 8718 73 USD ETH 266 18 USD LTC 113 84 USD BCH 432 06 USD XLM 0 1328 USD DOGE 0 003139 USD NEO 12 04 USD XRP 0 409 USD CANN 0 001482 USD EMC2 0 1201 USD XMR 94 61 USD BTG 24 31 USD
2019-05-27 11:53:54+00,Maneh madman ceukaingoge p
2019-05-27 11:53:54+00,0 01 BTC Change 100 BTC Join CFI HMQ CRW VOX BCY ABY SIB NMR XAUR VTR TRUST PKB GRS SNGLS GBG SHIFT DRACO SWT MUSIC EXP MYST GNO IOC TKS MUE BLOCK ICX BLZ TRX VEN BNB NANO HSR DGD CTR AE MTL YOYO PPT LEND VIBE
2019-05-27 11:53:54+00,FIRST 100 MEMBERS WILL BE ALLOWED Join BTC ETH NEO XLM XRP ADA EMC2 OMG BCC VTC AEON GVT FUEL LINK APPC MOD NEBL LEND BQX ARN ENJ INS REQ AMB OAX REQ VIBE ICN TNT MTH CMT
2019-05-27 11:53:55+00,Free cloud mining cryptocurrency Works since 2013 Bitcoin Ethereum Litecoin Bitcoin Cash Dogecoin Ripple Dash Cardano CureCoin NEM Monero Zcash Factom Bytecoin STEEM Lisk EOS USD Stellar GRIN Ethereum Classic 798 Sign Up
2019-05-27 11:53:57+00,Long Short BTC 100xx leverage Bitmex
2019-05-27 12:02:42+00,Et
2019-05-27 11:58:43+00,blockchain cryptocurrency bitcoin ethereum ICO P2PS P2PSF startup
2019-05-10 10:25:25+00,btc usd p
2019-05-27 11:43:43+00,bitcoin zoomed daily update last flag post broken
2019-05-26 19:00:08+00,Forget trading system In crypto bull market hodler outperform trader BTC HOT LINK BNB RVN THETA SCRL bag ZIL BAT TOMO good choice Remember still get actually make profit
2019-05-26 11:46:22+00,living legend BTC v USD
2019-05-27 11:53:59+00,Buy bitcoin buy xrp
2019-05-27 11:54:01+00,So saying Bitcoin forked
2019-05-27 11:54:01+00,ethereum classic yahoo finance sell ethereum
2019-05-27 11:54:03+00,Bitcoin price prediction BTC price primed small correction could evolve major correction
2019-05-27 11:54:04+00,NA WE BO NAAAA
2019-05-27 11:54:11+00,aulian 0xfc9219Afb2D0aFC82924cCf08152c62a2EeC0878 airdrop bounty eth btc crypto blockchain giveaway
2019-05-27 11:54:08+00,FiatChrysler bitcoin coming Report join CH 167
2019-05-26 10:15:30+00,Fidelity Is Really In Love With Bitcoin Texas Office Filled With Crypto ASICs
2019-05-11 01:00:33+00,
2019-05-27 06:53:59+00,AITA wanting divorce husband lost 200k bitcoin
2019-05-27 11:54:17+00,Longer term support resistance Bitcoin BTC
2019-05-27 11:54:22+00,Can Blockchain Change How We Compute Credit Scores bitcoin blockchain creditscore
2019-05-27 11:54:25+00,FIRST 100 MEMBERS WILL BE ALLOWED Join CFI HMQ CRW VOX BCY ABY SIB NMR XAUR VTR TRUST PKB GRS SNGLS GBG SHIFT DRACO SWT MUSIC EXP MYST GNO IOC TKS MUE BLOCK BTC ETH CBC OCN PRO BLT NGC AID DMT POLY LRC TUSD
2019-05-10 10:19:35+00,Where bitcoin sign guy need
2019-05-27 11:54:26+00,Bitwise Bitcoin Spot Market Is Significantly Smaller And Significantly More Efficient Today
2019-05-27 11:54:27+00,Litecoin Is Suddenly Rocketing Boosting Bitcoin Ethereum And EOS Here Why Cryptocurency Litecoin Bitcoin ethereum EOS investing
2019-05-27 11:54:29+00,If went month would considered Genius said bitcoin bad investment
2019-05-27 11:54:29+00,Paxful PC infected RAT person tried gain access account FRAUD ID banned account seller 0 1 BTC bond support answering user LinusTech King
2019-05-27 11:54:32+00,ETH weaker right chance wick 265 Mex BTC hold
2019-05-27 11:54:34+00,Let learn The Amon Artificial Intelligence system chooses best digital asset based maximum value card holder moment purchase amon xrp bitcoin Eth xrpcommmunity xlm crypto eos xmr trx ltc cryptocurrency bnb enjin matic btt bch AI
2019-05-26 21:56:06+00,As block 577 920 84 4 BTC mined Only 3 276 000 BTC left
2019-05-17 01:52:29+00,Retweet And Tweet pinned post tag 5 friend Airdrop DogCash Has begun For user 1500 DOG Token 150 Invite friend 30 DOG Token 3 Join Now Airdrop Visit official site Airdrop DogCash DOG airdrop BTC ETH
2019-05-27 12:01:01+00,blockchain cryptocurrency bitcoin ethereum ico P2PS P2PSF startup fintech
2019-05-27 11:54:38+00,The bitcoin driver got strategy rekt They seem decided give chance short term trader accumulating bitcoin LoL
2019-05-27 11:54:38+00,I buy ALTS keep BTC largest holding
2019-05-27 11:54:38+00,01 EOS scale BTC soon know else well
2019-05-27 11:54:38+00,Join telegram channel let help 16282577264 financialfreedom entrepreneurship hustle Realestate investment investor workfromhome motivation residualincome grantcardone realestateagent investmentproperty investing bitcoin blockchain binary
2019-05-27 11:54:39+00,blockchain cryptocurrency bitcoin ethereum ICO P2PS P2PSF startup
2019-05-27 11:54:42+00,How comment
2019-05-27 11:54:44+00,PC infected RAT person tried gain access account FRAUD ID banned account seller 0 1 BTC bond support answering user LinusTech King
2019-05-27 11:54:47+00,good
2019-05-27 11:54:49+00,Why people trading btc Obviously fiat
2019-05-27 11:54:50+00,Blockchain BTC ETH blockchaintechnology sharding
2019-05-27 11:54:53+00,HOT top 10
2019-05-27 11:54:53+00,This posted 5 year ago time traveler bitcoin hit 100 000 year maybe doomed
2019-05-17 12:32:48+00,We Pre Sale Final chance earn extra token launch ICO Get 10 Pre Sale Bonus May 31st 2019 privatesale ico vimee vimx vimeetoken MadeInIndonesia cryptocurrency Indonesia muslimcrypto shariahcrypto btc cryptotrading eth xlm
2019-05-27 10:42:00+00,See latest update slatecurrency github blockchain btc eth disruptive decentralized ico dash masternodes entertainment streaming
2019-05-27 11:54:59+00,mondaythoughts bitcoin godmc EuropeanElectionResults Dubbed Jewel airport park complex feature forest park walking trail seven storey waterfall 45 000 litre water cascade minute Safdie Architects
2019-05-27 11:55:02+00,bitcoin mining erfahrung Binance
2019-05-27 11:55:02+00,Bitcoin crypto currency signal highest profit 1 200 pip
2019-05-27 11:55:04+00,Bitcoin Casinos Actually Thing BitcoinCasinos Gambling CasinoGambling BitcoinGambling via Computers
2019-05-27 11:55:06+00,Women stay complicit woman choses whim destroy fun I always supported woman TwitterBlackout bitcoin MeToo
2019-05-27 11:55:07+00,Bitcoin Surges Highest Price For Over Year Will Reach 10k This Week
2019-05-27 11:55:08+00,Bitcoin layered experience evolve feedback loop help transcend current layer understanding Regardless layer find always new layer discover
2019-05-27 11:55:08+00,What Bitcoin straight give damn get everyone disbelief REKT While slowly gradually climbing 30 000
2019-05-27 11:55:09+00,Current Crypto Prices BTC 8719 76 USD ETH 266 23 USD LTC 113 89 USD BCH 432 58 USD XLM 0 133 USD DOGE 0 003139 USD NEO 12 04 USD XRP 0 4092 USD CANN 0 001482 USD EMC2 0 1201 USD XMR 94 63 USD BTG 24 29 USD
2019-05-27 05:37:08+00,Unpopular opinion Bitcoin Maximalists hate altcoins greed previously caused lose fund buying top
2019-05-26 21:38:54+00,OBV Binance BTC USDT Nothing strange
2019-05-10 10:21:08+00,BTC
2019-05-10 10:21:34+00,CoinMarketCap CoinMarketCap
2019-05-17 09:48:31+00,DAPS outperform already established Privacy Coins Have coffee read whitepaper follow DAPS promofriday blockchain ETH BTC ESC2019 Eurovision
2019-05-27 11:02:17+00,Bitcoin retreated 12 month high 8 900 hit earlier today price holding well key support 8 390 Report
2019-05-27 11:55:09+00,5 Cryptocurrency Tax Questions Asked April 15th More Crypto Tax CapitalGains Safety Bitcoin News Tips CryptoTips CryptoTaxHelp CTH HMRC NewYear Invest RT Tax InlandRevenue
2019-05-27 11:55:10+00,What preferred way stacksats Btc bitcoin bnb cryptotwitter crypto Binance MondayMotivaton
2019-05-27 11:55:10+00,THE BITCOIN BREAKOUT 11 800 Target Monthly Bull Market Bitcoin Price Analysis Today bitcoin bitcoins bitcoinprice bitcoinnews bitcointrading
2019-05-27 11:55:11+00,Bitcoin Near 9 000 Chilling Innovation One Dollar Or 1 BTC amp TRON BitTorrent Announcement bitcoin bitcoins bitcoinprice bitcoinnews bitcointrading
2019-05-27 11:55:11+00,It bet Competition Bitcoin literary community sometimes get nasty
2019-05-27 11:55:14+00,DTA BTC Accounting firm Grant Thornton LLC May 27 2019 provided update regarding petition bankruptcy filed defunct cryptocurrency exchan Read
2019-05-27 11:55:19+00,BITCOIN change people It unmask SORRYBITCOIN
2019-05-27 11:55:20+00,Read Free Blockchain The Ultimate Guide To Mastering Bitcoin Ethereum amp Other Cryptocurrencies Smart Contracts Dapps Investing Mining Litecoin Ripple Putincoin etc gt
2019-05-27 11:55:21+00,Currently round 7989 64 100 participant 0 10710974 BTC
2019-05-27 11:55:21+00,Gain node OPCX Partage gt Valeur monnaie 27 00 gt Valeur Btc 0 00000378 Gain node MGB Partage gt Valeur monnaie 4 59 gt Valeur Btc 0 00000016 EasyNODESBtc
2019-05-27 11:55:22+00,Bitwise Bitcoin Spot Market Is Significantly Smaller And Significantly More Efficient Today
2019-05-27 11:55:24+00,blockchain cryptocurrency bitcoin ethereum ICO P2PS P2PSF startup
2019-05-27 11:55:24+00,KOI KOITOKEN Crypto Blockchain ethereum bitcoin ether cryptocurrency tokensale
2019-05-27 11:55:25+00,Agreed need 50k BTC 5 Sat ETN Altcoins seeing even bigger gain BTC excuse Altcoins well used anymore ETN either hold right got Knocked Fuck Out lol
2019-05-26 23:01:01+00,Bitcoin Price Surpasses 8 600 Big Overnight Rally Investor Eyes 28K
2019-05-26 15:40:00+00,GAMBproject Ahead milestone plan Decentralization Blockchain ecommerce eth btc marketplace disruptive GMB GAMB
2019-05-27 11:55:35+00,The latest FISH FARM NEWS AND ARTICLES trump bitcoin
2019-05-27 11:55:37+00,This pleb really thought I said rap 6 I saying btc 6k What muppet
2019-05-27 11:55:38+00,Bitcoin price prediction BTC price primed small correction could evolve major correction
2019-05-27 11:55:40+00,Drife IEO Crypto Blockchain ethereum bitcoin ether cryptocurrency tokensale
2019-05-27 11:55:41+00,blockchain cryptocurrency bitcoin ethereum ICO P2PS P2PSF startup
2019-05-10 12:19:40+00,kumbara
2019-05-27 11:55:45+00,Always fun seeing Tom Good week Asian Leadership Conference korea btc nears 10k Catching next stellar conference coming w Dem Ted
2019-05-27 11:55:48+00,parker
2019-05-27 11:55:50+00,Awesome Project blockchain cryptocurrency bitcoin ethereum ICO P2PS P2PSF startup
2019-05-27 11:55:53+00,Bitcoin price prediction BTC USD consolidates gain Bitcoin confluence
2019-05-27 11:55:55+00,Beacon Chain Update Buterin Proposes Changes Ether blockchain bitcoin altcoins Vitalik Buterin
2019-05-17 08:17:35+00,Neutral Dollar NUSD available KuCoin deposit Supported trading pair include BTC NUSD USDT NUSD Trading start May 20 2019 18 00 UTC 8 withdrawal open May 22 2019 18 00 UTC 8 project KCS NUSD BTC USDT
2019-05-27 11:58:12+00,A gradual push towards 10k
2019-05-27 11:58:12+00,Join giveaway chance win cryptocurrencies mining hardware By Check giveaway Competition win cryptocurrency crypto bitcoin
2019-05-27 11:55:46+00,Paycent open robust cryptocurrency eco system individual business thanks diverse platform The Paycent wallet hold Bitcoin BTC Litecoin LTC Ethereum ETH DASH Binance Coin BNB Steem coin The Paycent Card used withdraw cash
2019-05-27 05:19:30+00,Wow btc Bitcoin
2019-05-27 11:55:58+00,LOLTOKEN Crypto Cyptocurrency Currency Ethereum Bitcoin Litecoin Trading Investment Btc Eth The lol undertaking admirable chore still many position world many people neither reaed draft
2019-05-27 11:56:00+00,Nice Project blockchain cryptocurrency bitcoin ethereum ICO P2PS P2PSF startup
2019-05-27 11:56:01+00,O valor Bitcoin caiu R 34400
2019-05-27 11:56:02+00,New Bitcoin Twitter Account Impressions Bitcoin
2019-05-27 11:56:03+00,HODL Proves Itself This Man Had Lost Almost 50 BTC From HODLing Altcoins Since 2017 cryptocurrency altcoins eth bitcoinnews binance trading tron
2019-05-27 11:56:05+00,New post Top 3 Price Prediction Bitcoin Ripple Ethereum BTC USD struggle maintain newly conquered territory
2019-05-27 11:56:09+00,Bitcoin zet opmars voort klimt richting 9 000 dollar Economie ZZP Ondernemer
2019-05-21 23:40:10+00,Multiply Bitcoin Ethereum
2019-05-10 10:06:01+00,index fund bitcoin current worth
2019-05-27 02:10:25+00,Posted
2019-05-27 05:59:41+00,Remember everyone told touch Bitcoin Because currently best investment world
2019-05-27 11:56:13+00,
2019-05-27 11:56:14+00,BTC Bitcoin Crypto CraigWrightIsAFraud CalvinAyreIsAPedophile Faketoshi
2019-05-27 11:56:15+00,Bitcoin nimmt rasant fahrt
2019-05-27 11:56:15+00,BitTeam BTT tokensale P2P exchange Marketplace CDC crypto blockchain ICO cryptocurrency bitcoin
2019-05-27 11:56:16+00,Current Crypto Prices BTC 8721 01 USD ETH 266 24 USD LTC 113 9 USD BCH 432 75 USD XLM 0 1329 USD DOGE 0 003139 USD NEO 12 03 USD XRP 0 4091 USD CANN 0 001482 USD EMC2 0 1191 USD XMR 94 63 USD BTG 24 37 USD
2019-05-27 11:56:19+00,like except legend part
2019-05-27 11:56:21+00,harga Btc semalam rm33k wow rm36k
2019-05-27 11:56:24+00,I hope project interested large investment fund This platform deserves attention Experienced specialist working project Drife IEO Crypto Blockchain ethereum bitcoin ether tokensale official
2019-05-27 11:56:04+00,It happening world NATIONS taking back country Vote PEOPLES PARTY OF CANADA Canada next
2019-05-26 18:50:03+00,Zilliqa Contest Day 10 Zilliqa tool needed create better tomorrow blockchain time blockchain world took notice blockchain crypto cryptocurrency zilliqa ZilliqaDay2019 bitcoin technologytrends
2019-05-27 02:26:25+00,Bitcoin Cash Privacy Has Improved Leaps Bounds
2019-05-27 06:54:40+00,Bitcoin like big liquidity sump Think black hole sucking money sloshing around This keep economist whose job keep bloated economy going awake night
2019-05-27 11:56:30+00,Bitcoin Surges Highest Price For Over Year Will Reach 10k This Week
2019-05-27 11:56:31+00,Great Analysis crypto currency Channel join gt BTC XRP LTC ETH ADA XLM XVG TRX OCN IOST NCASH STORM EOS NEO IOTA CDT DASH XEM VEN ETC GVT LISK OMG APPC MOD NEBL ENJ 32
2019-05-27 11:56:33+00,Universal Aid Fund investment project dealing mining trading Payment Proof Universal Aid Fund telegram btc bitfinex mining bitcoin btcevipminings binance bittrex btcusd
2019-05-27 11:55:30+00,Binance volume crypto exchange Register EMC SMART POE RLC HT ENJ BNB DTR GTO GAME GTC CPX ZCL SRN ABT BIX MTL MANA Bitcoin Blockchain trading chart TA ico altcoins trade ELA MKR BTS XHV CELR FET
2019-05-27 11:56:34+00,578 021 Txs 2 640 Size 1 08 MB Stripped 0 91 MB Time 1558958180 Reward 12 5 BTC Fees 0 97819847 BTC Miner F2Pool Mempool 6 527 tx
2019-05-27 11:56:34+00,Mon May 27 13 56 20 2019 5 36 USD 8726 65 Wght 0 44 Blk 578021 Size 1110 2 KB TXs 2640 Pool 6206 3 3 MB bitcoin
2019-05-27 11:56:37+00,mhsni zahra
2019-05-27 11:56:39+00,PC infected RAT person tried gain access account FRAUD ID banned account seller 0 1 BTC bond 500 positive support answering user LinusTech King
2019-05-11 01:00:47+00,
2019-05-19 13:03:07+00,1st June around corner Hard Launch Moon Fortune coin payment affiliate program For rundown prepared visit playloteo hardlaunch blockchainlottery Bitcoin ethereum lotes loteu eth btc
2019-05-23 06:44:47+00,Get unlimit faucet everyday gambling btc game luckyfish via
2019-05-11 13:57:42+00,I see
2019-05-27 08:07:38+00,We excited announce Ocean Protocol OCEAN listed KuCoin Supported trading pair include OCEAN BTC OCEAN ETH deposit start
2019-05-27 11:56:44+00,Good news The number user invest growing ICO best way invest harmonyprotocol deepsharding blockchain BUIDL BTC ETH
2019-05-27 11:56:54+00,Bitcoin price analysis BTC bull get ready breakthrough 9 000
2019-05-27 07:02:08+00,
2019-05-27 11:56:58+00,awesome video Also look Volume Profile TPO
2019-05-27 11:56:58+00,
2019-05-27 11:56:59+00,Bitcoin BTC Whales Making Splash Did 9 Transactions Valued 236m Spark Market via
2019-05-27 11:57:02+00,ir
2019-05-27 11:57:03+00,Bitcoin hit time high Argentine peso
2019-05-27 11:57:04+00,accurate
2019-05-27 11:57:04+00,Public Perceptions Bitcoin Spot Market Are Wrong Says Bitwise CoinDesk
2019-05-26 18:32:52+00,3days left ledger auction proceeds going currently 0 006 bitcoin getting sharing bidding
2019-05-24 16:50:04+00,Bitcoin Data Giant CoinMarketCap Sponsors Major Israeli Football Club
2019-05-27 11:56:09+00,Here another new feature worked nearly complete exchange page allow see value currency price order book coin list section shardax shard bitcoin cryptocurrency crypto blockchain
2019-05-27 08:28:57+00,BITCOIN BTC USD Point Technique Lundi 27 2019 BTCUSD graphique
2019-05-26 18:48:55+00,I still expect 9500 provide strong resistance But le I normally would happened 6k
2019-05-27 05:41:00+00,Meet GAMB Strategic Advisors GAMBproject Decentralization Blockchain ICO ecommerce eth btc marketplace disruptive
2019-05-27 10:10:17+00,We launching new listing promotion together Win 3 BTC 200 000 OCEAN total reward Details available KCS OCEAN BTC ETH CryptocurrencyNews cryptocurrency Crypto cryptocurrencies CryptoExchange cryptotrading
2019-05-27 11:57:10+00,New mining Hub relaunch NewYorkCoin Pool NYC BTC
2019-05-27 11:57:11+00,think best way accumulate bitcoin whole bitcoin expensive trying outsmart market reasising someone else already put someone el shoe someone else shoe
2019-05-27 11:57:12+00,Just perspective bought 1 BTC February many indicator daily chart cry Buy around 3600 went 25x long profit would 15 BTC 135 000 R R ratio 37 5 BTC crypto BItMEX
2019-05-27 11:57:13+00,Bitcoin culture minimize trust maximize verification Everything else opt nothing nothing le
2019-05-27 11:57:17+00,Bitcoin BTC Surges By 10 To Near 9 000
2019-05-27 11:57:19+00,fake twitter id livecoin cheating livecoin customer holding MXM asking deposit first 0 01 BTC 0 02 BTC address 1A7MZVBaaN9UwKPaGTcGtKrUHg2tsgHaqc resolve MXM swap issue beware handle
2019-05-27 11:57:25+00,Current Crypto Prices BTC 8720 08 USD ETH 266 15 USD LTC 113 86 USD BCH 432 54 USD XLM 0 1327 USD DOGE 0 003139 USD NEO 12 03 USD XRP 0 4092 USD CANN 0 001482 USD EMC2 0 1191 USD XMR 94 6 USD BTG 24 3 USD
2019-05-27 11:57:29+00,1 Bitcoin average price 8704 08367188 0 24 1h 2 Ethereum average price 266 20437813 0 38 1h 3 XRP average price 0 4089680098 0 27 1h 4 Bitcoin Cash average price 433 164538305 0 16 1h 5 Litecoin average price 113 53080966 0 29 1h
2019-05-27 11:57:14+00,USDT holding October 2018 Binance 832 M Tether 486 6 M Huobi 461 6 M USDT holding today Binance 550 M Tether 214 M Huobi 147 3 M Difference 868 9 M They getting rid USDT buy Bitcoin Not Tether keep printing 30 million USDT every day
2019-05-27 11:57:19+00,Dubbed Jewel airport park complex feature forest park walking trail seven storey waterfall 45 000 litre water cascade Full story mondaythoughts bitcoin EuropeanElectionResults godmc
2019-05-10 10:07:56+00,Bitcoin Is Somehow Still Climbing Forbes Bitcoin
2019-05-10 11:22:26+00,hahaha view industry everyone video interview
2019-05-26 20:10:27+00,Bitcoin Price Slays 8750 Hits 12 Month High Sudden Parabolic Swing
2019-05-27 11:57:31+00,Company innovative approach interesting road map ooobtc obx IEO exchange crypto bitcoin ethereum launchpad blockchain toqqn dogecoin Btk usdt Btcone OVC
2019-05-27 11:57:33+00,rand My problem I never know right time invest knew Bitcoin going go I pinpoint actually invest would recommend going finding right time invest
2019-05-27 11:57:33+00,LTC UsD sideways look weak LTC 40 since call 4 day ago I play LTC BTC right
2019-05-27 11:57:33+00,Bitcoin Price Analysis BTC Surging Trading Above 8 500 Will It Go Parabolic BitcoinBTCPrice
2019-05-27 11:57:34+00,Check latest update weekly update EOSBet BTC LTC iGaming
2019-05-27 11:57:36+00,Nice Airdrop aware
2019-05-27 11:57:36+00,Good project
2019-05-27 11:57:37+00,killer analysis always
2019-05-27 11:57:37+00,blockchain cryptocurrency bitcoin ethereum ICO P2PS P2PSF startup
2019-05-27 11:57:38+00,Block Number 578 021 Time 5 27 2019 11 56 20 AM UTC Miner F2Pool Transactions 2 640 Block Value 7 446 417 BTC Size 1 136 846 byte Total Supply 17 725 262 5 84 40601 BTC issued Price 8766 93
2019-05-27 11:57:39+00,ganna fomo accepting BTC hit 20k BTC
2019-05-27 11:57:41+00,The OOOBTC token serve driver platform valid exchange used across well known exchange It reusable ERC20 token freely transferable Ethereum blockchain obx crypto bitcoin ethereum blockchain btc toqqn
2019-05-27 11:57:41+00,Rado Looking history since 2011 July Be last chance grab BTC lower ever bull run always come 2 8 Months
2019-05-27 11:57:44+00,Agreed Storing work capital complex problem One could choose fiat money land Bitcoin silver etc work remain subject market flux Hence adage diversified portfolio
2019-05-27 02:50:53+00,100k 2019 still play citadellife
2019-05-11 14:30:30+00,Nice Work
2019-05-11 15:01:36+00,Kuy
2019-05-27 11:57:34+00,Bitcoin BTC v Litecoin LTC Price Analysis Bulls hold sway coin post significant gain Bitcoin Cryptocurrency PriceAnalysis Altcoins Analysis
2019-05-25 06:30:15+00,Investors trader AhrvoDEEX platform rewarded trading stock ETFs creating liquidity platform Crypto AI ICO TokenSale ETH BTC Ethereum bitcoin blockchain
2019-05-27 11:57:35+00,HODL Bitcoin Proves Itself Unlike Altcoins This Man Had Lost Almost 50 BTC From Investing 50 Different Altcoins In 2017 Cryptocurrency CryptoNews
2019-05-27 11:57:52+00,Why Facebook launching cryptocurrency rival bitcoin fintech
2019-05-27 11:57:54+00,Bitcoin zet opmars voort klimt richting 9 000 dollar
2019-05-27 11:57:59+00,Nuovo post Bitcoin News Litecoin Sfonda Il Mura Dei 100 Euro Bitcoin Blockchain Ethereum
2019-05-27 11:58:01+00,bitcoin mining programm Binance
2019-05-27 11:58:03+00,HODL Bitcoin Proves Itself Unlike Altcoins This Man Had Lost Almost 50 BTC From Investing 50 Different Altcoins In 2017
2019-05-27 11:58:08+00,So insane mex funding longs paying short eth Btc Probably lot people flipped short get funding 2 min Sure would suck pamped right
2019-05-27 11:58:08+00,Cryptocurrency market update Bitcoin come close 9000
2019-05-27 11:58:11+00,FREE Ethereum game blockchain Bitcoin crypto cryptocurrency bitcoins Eth eth token Litecoin coinmasterGame coin
2019-05-06 05:41:00+00,OMGFIN Announced Upcoming Launch IEO Platform OMGFIN IEO First IEO platform support XRP IEO XRP USDT XRP1 news xrpcommmunity xrparmy ripplenews launchpad bitcoin XRP
2019-05-27 11:58:14+00,Bitcoin Blockchain BlockchainIsTheFuture Hashgraph Cryptocurrency DistributedLedgerTechnology
2019-05-27 11:58:15+00,Bitcoin Price Backs Off 12 Month Highs But Bias Remains Bullish
2019-05-27 11:58:15+00,blockchain cryptocurrency bitcoin ethereum ICO P2PS P2PSF startup
2019-05-27 11:58:15+00,taseer I think Pakistan legal invest Bitcoin
2019-05-27 11:58:17+00,bitcoin btc crypto bitcoinnvestment Starting From 50 usd Up 3 Daily Profit Until It Doubles Your Investment Sign Up Here
2019-05-27 11:58:19+00,QuarkChain QKC Blockchain Chain
2019-05-27 11:58:44+00,Rezeau
2019-05-27 11:45:22+00,Bitcoin BTC Whales Making Splash Did 9 Transactions Valued 236m Spark Market Bitcoin News bitcoin market Whales
2019-05-27 11:58:23+00,The Top 5 Countries Gripped Bitcoin FOMO Right Now
2019-05-27 11:58:23+00,EPUB Download Free Digital Gold Bitcoin Inside Story Misfits Millionaires Trying Reinvent Money gt gt
2019-05-16 12:05:15+00,Want earn free token Hurry Up Bounty live Follow link bounty group FreeTokens LOL Bounty BlockChain SecurityToken Education OnlineEducation Ethereum Eth Mew Btc AI MachineLearning DPT
2019-05-20 02:04:39+00,lnbc200u1pwwyf69pp5js3nlqrdxx974qp4z2apm973mte354tmzlvsthct9h69pn4ax4ssdqu2askcmr9wssx7e3q2dshgmmndp5scqzysxqrrss8c0erl289830h7p8vuqx933tcrza0tmz92pj4mlwft6lujvnjx5pnlsh9t5kkzgpjckxffug4hjkv6akgavrg23vshzz0h92l2yapdqqt3jce6
2019-05-20 22:56:26+00,BITCOIN GIVEAWAY TIME 75 BTC 3 lucky winner To enter simply Follow Sign Like retweet Tag 2 friend Winner announced 5 27 Twitter
2019-05-26 14:07:13+00,218 000 Bitcoin next bull run January 2021 Price prediction many cryptocurrencies including Ethereum ETH BitcoinCash BCH Litecoin EOS Stellar Lumens Cardano
2019-05-27 11:58:32+00,Current Crypto Prices BTC 8721 52 USD ETH 266 33 USD LTC 114 03 USD BCH 432 68 USD XLM 0 1327 USD DOGE 0 00314 USD NEO 12 03 USD XRP 0 4093 USD CANN 0 001483 USD EMC2 0 119 USD XMR 94 6 USD BTG 24 3 USD
2019-05-27 11:58:36+00,Performance year Bitcoin 130 Oil 29 NASDAQ 15 S amp P 500 13 Dow Jones 10 FTSE 100 8 Nikkei 6 Gold 0 8
2019-05-27 11:58:40+00,Over year I tried many successful disastrous ICO project ETH BTC P2PS
2019-05-27 11:58:41+00,Newsbtc The past 12 hour blur crypto asset market In matter hour Bitcoin BTC rushed passed key resistance level 8 000 8 400 Read
2019-05-27 07:29:44+00,2018 2019 nutshell 1 Alts dump 2 Influencers like ReaDDYy fOR pump 3 BTC pump 4 Influencers like ReaDDYy fOR pump 5 Alts BTC anything 6 Influencers like ReaDDYy fOR pump Never change Twitter never change
2019-05-27 11:58:47+00,Unless I missing something I see bitcoin long grind past
2019-05-26 20:45:00+00,slatecurrency Trading HitBTC SLX BTC amp SLX USDT Trading Pairs NOW available HitBTC blockchain btc eth disruptive decentralized ico dash masternodes entertainment streaming SLX
2019-05-16 11:21:44+00,coinmarketcap IOTA 24h Vol 62M USD 5 IOTA marketcap BTC 24h Vol 33B USD 24 BTC mc ETH 24h Vol 16 3B USD 61 ETH mc LTC 24h Vol 6 7B USD 114 LTC mc Compare bullrun 2018 think happen volume kick IOTAstrong
2019-05-27 11:58:52+00,Tradecipher make professional crypto investment easy Get 1 Year Goldlight Crypto Research 119 A Chance Win 0 1 Bitcoin 390 joining TradecipherCrypto Waitlist
2019-05-27 11:58:53+00,One dollar bitcoin
2019-05-27 11:58:55+00,BTC Support update 8k 8200
2019-05-27 11:59:00+00,Chain QKC BTC
2019-05-27 11:58:57+00,This week Craig Wright file Bitcoin registration US Copyright Office Facebook launch Global Coin 2020 USD stablecoins reach record market cap Weekly Hodler Digest
2019-05-27 11:59:07+00,blockchain cryptocurrency bitcoin ethereum ICO P2PS P2PSF startup
2019-05-27 11:59:07+00,Spoon Bitcoin culture minimize trust maximize verification Everything else opt nothing nothing le
2017-09-08 15:45:33+00,How China Sinks Bitcoin Probably happened today lol
2019-05-27 11:59:09+00,I live start intellectually challenged people continue compare XRP TO BTC immediately compare XRP BTC
2019-05-27 11:59:09+00,ooobtc obx crypto bitcoin ethereum blockchain btc toqqn
2019-05-27 11:59:10+00,I mean broken clock right twice day Alts pump point BTC much better hold So unless predict future know get alt night well stick BTC
2019-05-27 11:59:01+00,PNTV Green Leaf Farms The Argentine Province Jujuy Announce wsj nytimes reuters bloomberg thestreet forbes nasdaq IHub StockPosts newyork business cnn bet foxnews bitcoin blockchain crypto cannabis marijuana CBD Dispensary
2019-05-12 13:23:52+00,My 2 5 year old learning alphabet B Bitcoin
2019-05-16 09:55:30+00,Bitcoin fee increased almost 8 000 since january Digital Gold Maybe Digital money replacing costly credit card Nope Microtransactions Nope No Fee IOTA BTC IOTA IOTAstrong
2019-05-27 11:59:14+00,
2019-05-27 11:59:16+00,ooobtc obx crypto bitcoin ethereum blockchain btc toqqn
2019-05-27 11:59:17+00,It online making Make 100 000 monthly 1000 10 000 ASA investing crypto bitcoinmining moneyteam follow luxurylifestyle canada binaryoption london realtor forexlife usa bitcoins millionaire u daytrader Budget2019 blockchain investor btc
2019-05-27 11:59:23+00,Join giveaway chance win cryptocurrencies mining hardware By Check giveaway Competition win cryptocurrency crypto bitcoin
2019-05-27 11:59:25+00,ooobtc obx crypto bitcoin ethereum blockchain btc toqqn
2019-05-27 11:59:30+00,
2019-05-27 11:59:30+00,cryptocurrency cryptoexchange Bitcoin ETHEREUM Litecoin
2019-05-27 11:59:32+00,BTC F ck Yeah
2019-05-27 11:59:33+00,
2019-05-27 11:59:33+00,Come spendere Ethereum Bitcoin
2019-05-27 11:59:34+00,Lost good bit 1st big btc move Got back little season
2019-05-10 09:59:25+00,Posted
2019-05-27 11:59:22+00,The Top 5 Countries Gripped Bitcoin FOMO Right Now FOMO bitcoin btc crypto cryptocurrency money blockchain brazil colombia germany austria argentina
2019-05-11 14:30:51+00,Interesante
2019-05-26 17:40:48+00,BTC Bullish Push Upside Bitcoin crushed previous resistance daily chart set new high 2019 A weekly close level mega bullish Bitcoin close 12 midnight UTC
2019-05-27 06:27:54+00,If Bitcoin dominance diminishing amp way play BTC Up Trend Up Trending ALTs stronger trend BTC offer higher profit USD term You get benefit BTC trend ALTs uptrend Thread 3
2019-05-27 11:59:32+00,Always fun seeing Tom Good week Asian Leadership Conference korea btc nears 10k Catching next stellar conference coming w Lin Dem
2019-05-27 11:59:36+00,Is Bitcoin About To Go Exponential blockchain bitcoin eth cryptocurrency
2019-05-27 11:59:37+00,overstate importance OI CME say 5 000 contract 25 000 BTC Open Interest BitMax nr 1 Futures Exchange alone 78 000 Perpetuals 22 000 BTC June Sept contract Both Bitflyer OKEx important term volume Success
2019-05-27 11:11:46+00,
2019-05-27 11:59:40+00,Join coinage platform free CWG token already exchange get Bitcoin loan using platform repay 4 month airdrop giveaway giveaway GiveawayAlert bitcoin blockchain cryptonews BountyProgram bounty ethereum
2019-05-27 11:59:40+00,Current Crypto Prices BTC 8719 47 USD ETH 266 43 USD LTC 114 04 USD BCH 432 52 USD XLM 0 1328 USD DOGE 0 003139 USD NEO 12 03 USD XRP 0 4094 USD CANN 0 001482 USD EMC2 0 119 USD XMR 94 6 USD BTG 24 31 USD
2019-05-26 12:28:14+00,The G Bitcoin stand governance
2019-05-27 11:59:44+00,I keep telling people crypto sham
2019-05-27 11:59:51+00,The Top 5 Countries Gripped Bitcoin FOMO Right Now crypto CryptoNews
2019-05-27 11:59:54+00,QKC Blockchain BTC ETH blockchaintechnology sharding
2018-04-17 14:44:58+00,Great talk discussion Bitcoin v Euro Innsbruck Thank Julian
2019-05-27 11:59:56+00,BTC Manager New Zealand Cryptopia Seeks Preserve User Account Data Amid new Challenges CryptoCurrencies
2019-05-27 11:59:48+00,Follow link get bitcoin train free The tutorial free ChildrensDay2019
2019-05-27 08:34:10+00,Everybody play bitcoin let play altz
2019-05-27 11:29:48+00,We 5 new bull market Treat early part cycle opportunity perfect strategy get used new reality trading bull market Because thing going get absolutely crazy later euphoria stage BTC Bitcoin
2019-05-27 12:00:00+00,O valor Bitcoin aumentou R 34679 99999
2019-05-27 12:00:00+00,Top100 Cryptocurrency IN OUT update last 12 hour crypto bitcoin altcoin IN LINA OUT ELA
2019-05-27 12:00:00+00,Become limitless unstoppable bold step become fearless For successful life must let go fear Take bold step today invest binary trade using bitcoin make huge profit trading become financially stable DM update
2019-05-27 12:00:00+00,More trading pair much better But still prefer btc trx btt But still nice work though kucoin btt tron
2019-05-27 12:00:01+00,I asked first definition success Easy question I would define production working product point BTC reached mass adoption yet either Dozens alt working product point public release
2019-05-27 12:00:01+00,You Suffer But Bitcoin hit 8 724 44 time remotely toggle rig home bitcoin
2019-05-27 12:00:01+00,Current BTC Price 8 717 13 The 24H Change 9 61 24H Volume 208 411 218 5 current marketcap 154 51 B BTC Ticker CryptoTickerPro
2019-05-27 12:00:01+00,dmm security co ltd kyc amp aml
2019-05-27 12:00:01+00,Precio 164 501 10 Fuente Bitso BTCMXN btc Hora 2019 05 27 07 00 01 GMT 6
2019-05-27 12:00:01+00,El precio promedio bitcoin casas cambio 8718 05 USD
2019-05-27 10:30:14+00,The BTC Alpha exchange announces Dascoin cryptocurrency swap procedure today 27 05 2019 11 00 UTC It planned change made number Dascoin coin available user procedure
2019-05-27 11:59:40+00,This week Craig Wright file bitcoin registration US Copyright Office Facebook launch Global Coin 2020 USD stablecoins reach record market cap Weekly Hodler Digest
2019-05-27 12:00:02+00,Bitcoin current price 8704 58205821 change percent 1h 0 23
2019-05-27 12:00:02+00,dash btc 0 0188 dash usd 162 15 btc usd 8718 66
2019-05-27 12:00:02+00,Bitcoin Cash BCH sha256 Hashrate 2 36 EH
2019-05-27 12:00:02+00,Average Bitcoin market price USD 8 713 22 EUR 7 797 67
2019-05-27 12:00:02+00,Bitcoin 8 686 10 13 799 06 High 8 845 32 Low 7 875 26 Volume 804 BTC BTC bitcoin
2019-05-27 12:00:02+00,1 Bitcoin unit price 8 703 61 market cap 154 273 528 515 57 37 24 hr vol 30 719 356 969 5 33 23
2019-05-27 12:00:02+00,Current price change last hour BTC 8703 61 0 23 ETH 266 22 0 38 XRP 0 409010 0 26 BCH 433 06 0 20 LTC 113 56 0 22 EOS 6 95 0 00 BNB 34 29 0 74 USDT 1 01 0 07 XLM 0 132659 0 14 ADA 0 085815 0 07
2019-05-27 12:00:02+00,BTC 8705 119 0 23 ETH 266 308 0 34 XRP 0 409 0 26 BCH 433 051 0 18 LTC 113 483 0 33 EOS 6 952 0 02 BNB 34 259 0 85 USDT 1 007 0 09 XLM 0 133 0 24 ADA 0 086 0 1 TRX 0 032 0 67
2019-05-27 12:00:02+00,A XMR worth 0 01086047 BTC
2019-05-27 12:00:02+00,net please see email sent email id livecointechnicalteam asking MXM holder transfer 0 03 BTC given address resolve MXM token swap issue livecoin
2019-05-27 12:00:03+00,Bitcoin BTC price 0 23 8 703 61 Rp125 331 967 Ethereum ETH price 0 38 266 22 Rp3 833 619 XRP XRP price 0 26 0 41 Rp5 890
2019-05-27 12:00:02+00,Check gt On Exmo BTC EUR gt 8000 03199997 volume gt 356 On Kraken BTC JPY gt 959636 volume gt 11 On BitFinex XRP BTC gt 0 00004697 volume gt 15769587 On Hitbtc PPC BTC gt 0 00004961 volume gt 10143
2019-05-27 12:00:03+00,HourlyCryptoStatus 1 3 1 btc bitcoin 8 707 USD 9 86 24h 2 eth ethereum 265 9 USD 7 76 24h 3 xrp ripple 0 41 USD 8 53 24h
2019-05-27 12:00:03+00,Market Update The price Bitcoin currently 8708 15 Crypto BTC BTC View coin
2019-05-27 12:00:04+00,Aljaz Bedene v Borna Coric bitcoin betting
2019-05-27 12:00:04+00,Com Bitcoin criminosos colocam aplicativos falsos Google Play GoogleAlerts
2019-05-27 12:00:04+00,Top 5 cryptocurrencies Alert Time 2019 05 27 15 00 04 Bitcoin 8 682 01136 Ethereum 265 61544 XRP 0 40824 BitcoinCash 432 19644 Litecoin 113 15264 altcoins xrp forex
2019-05-27 12:00:05+00,One Bitcoin worth 8724 443 Market Cap 154 643 Billion Based coindesk BPI bitcoin
2019-05-27 12:00:05+00,El dolar btc encuentra 6497 45 Bs
2019-05-27 12:00:06+00,One Bitcoin worth 8723 28 High 8939 180 Low 7907 800 Market Cap 154 613 Billion bitcoin
2019-05-27 12:00:06+00,Mon 27 May 13 00 05 WEST 2019 And price Stellar 0 13 USD 0 000015 BTC coin circulating supply 105002442920 coin With Bitcoin Price Equivalence price Stellar 786 04 USD
2019-05-27 12:00:07+00,Binance 8686 06 Bitstamp 8716 Bitfinex 8741 0 Coinbase 8760 72 Check AltCoins Start trading bitcoin ethereum blockchain
2019-05-10 10:30:23+00,Crypto BTC
2019-05-10 12:21:34+00,noooooooooope
2019-05-27 12:00:08+00,May 27 2019 05 00AM Bitcoin Price USD 8586 01 EUR 7641 83 JPY 938833 54
2019-05-27 12:00:08+00,This tweet Quark Chain QKC Blockchain BTC ETH blockchaintechnology tweeted 0 time
2019-05-27 12:00:08+00,This tweet QKC Blockchain BTC ETH blockchaintechnology sharding tweeted 0 time
2019-05-27 12:00:08+00,Another hour It WEALTHGENERATION TIME get HYIPPEPE bitcoin
2019-05-27 12:00:09+00,27 May 19 2 00 PM BTC Price 7798 10 Last buy 7239 90 Wavetrend 7 99 Current Trade Return 7 71pct
2019-05-27 12:00:11+00,Bitcoin price index USD EUR CNY GBP RUB
2019-05-27 12:00:12+00,Binance dominant crypto exchange ever Very cheap trading fee Go BTC DRGN ONG ADA ICX HOT NEM QTUM LSK BTT KMD XVG THETA PPT SNGLS HC LOOM MCO FCT REQ NULS ETP PIVX QKC EDR CMT SRN POE 968552
2019-05-27 12:00:13+00,I liked said Bitcoin put wallet used time
2019-05-27 12:00:13+00,miss registering Binance close registration BTC ZCL ETH ETC BCH LTC XRP DASH BTG XLM XMR ZEC SNT ADA NEO NXT OMG POWR VTC VOX XEM LSK DGB DOGE COVAL XVG GRS AMP strat sc XRB NAV 93474
2019-05-27 12:00:13+00,Bitcoin Social Sentiment currently MIXED 0 Visit find BTC BTCUSD Monday 27 May 2019 12 00PM
2019-05-27 12:00:14+00,The people control financial press didnt even start shill current bitcoin rally This move lot air
2019-05-27 12:00:14+00,bitcoin btc Price 8 705 12 1hChg 0 23 24hChg 9 39 24Vol 30 71B MktCap 154 30B
2019-05-27 12:00:15+00,This tweet Russian state corp proposes blockchain based government data system blockchain bitcoin ico tweeted 0 time
2019-05-27 12:00:15+00,Open btc long 8697 Stop 8650 Tp 8748
2019-05-27 02:58:34+00,So CNBC Fast Money Tweets Bitcoin wallet 17 Trader
2019-05-27 11:00:23+00,In post new website Chief Scientist Dr Craig Wright shed light Bitcoin really designed limitation
2019-05-27 12:00:17+00,ETH BTC marketcap ratio 18 3 cryptocurrency
2019-05-27 12:00:36+00,27 May 19 2 00 PM BTC Price 7800 00 Last buy 7239 90 Wavetrend 7 99 Current Trade Return 7 74pct
2019-05-27 12:00:17+00,12 00 Most mentioned ticker last 4 hour BTC ETH XRP BTT BNB LTC ADA LINK TRX XLM
2019-05-27 12:00:07+00,Prepares Chainlink Listing amp Link Node Custody Management Link MainNet Goes Live 5 30 2019 CHAINLINK decentralized oracle bring chain data back blockchain bitcoin crypto btc eth Ethereum LTC eos binance bnb trx coinbase Gemini link
2019-05-27 12:00:18+00,andy45372872 I always enjoy speaking people street especially familiar bitcoin yet
2019-05-27 12:00:19+00,15 Great Ways Absolute Beginners Learn About Bitcoin BTC
2019-05-27 12:00:20+00,Hurry 9 23 direct arbitrage WAX If buy WAX BTC market CoinDCX sell Bittrex BTC market make maximum profit 0 00
2019-05-27 12:00:20+00,Hurry 11 90 triangular arbitrage considering volume WAX via Bittrex If buy WAX BTC market CoinDCX convert SIB Bittrex sell Livecoin
2019-05-27 12:00:20+00,Hurry 8 84 loop arbitrage considering volume Bittrex via CoinDCX If buy XMR BTC market Bittrex convert WAX CoinDCX sell Bittrex
2019-05-27 12:00:20+00,The Top 5 Countries Gripped Bitcoin FOMO Right Now Bitcoinist
2019-05-27 12:00:20+00,2019 05 27 21 00 20 24h BTC PricePer Currency via coinlib moneyflow
